**Nature-Inspired, Ocean-Themed Shoe Collection with Sustainable Materials**
- Aqua Breeze
- Ocean Embers
- Coral Coast
- Seafoam Serenity
- Tidepool Treasures

**Nature-Inspired, Forest-Themed Shoe Line with Calming Earth Tones**
- Woodland Whispers
- Emerald Embrace
- Nature's Haven
- Tranquil Trails
- Earthy Elements

**Eco-Friendly, Ocean-Inspired Shoe Collection with a Soothing Design**
- Ocean's Embrace
- Azure Serenity
- Calming Seas
- Tranquil Shores
- Coastal Calm

**Nature-Inspired, Storm-Themed, Intense Workout Shoe Line**
- Storm Surge
- Thunderbolt
- Lightning Strike
- Tempest Fury
- Thunderous Power

**Nature-Inspired, Ocean-Themed, Sustainable Shoe Collection with a Surfing-Inspired Design**
- Endless Summer
- Ocean Wanderer
- Wave Rider
- Surf's Up
- Tidal Flow

**Nature-Inspired, Forest-Themed Shoe Line with a Natural Herbaceous Design**
- Herbal Haven
- Woodland Bloom
- Earthy Essence
- Forest Fresh
- Nature's Embrace

**Nature-Inspired, Ocean-Themed Reusable Shopping Bag**
- Ocean's Bounty
- Seaside Shopper
- Coastal Carryall
- Wave Runner
- Seafaring Tote

**Nature-Inspired, Storm-Themed Reusable Bag**
- Storm Surge
- Thunderbolt Carryall
- Lightning Strike Tote
- Thunderous Thunder
- Tempestuous Shopper

**Nature-Inspired, Calming Forest-Themed Shoe Cleaner**
- Serenity Scent
- Nature's Embrace
- Forest Dew
- Earthy Essence
- Tranquil Trails

**Storm-Themed, Intense Shoe Freshener**
- Thunderous Bolt
- Tempestuous Storm
- Lightning Strike
- Power Surge
- Extreme Freshness

**Nature-Inspired, Ocean-Themed Shoe Collection with Recycled Rubber**
- Aquatic Aperture
- Ocean's Embrace
- Coral Coast
- Seafoam Serenade
- Tidepool Treasures

**Nature-Inspired, Forest-Themed Shoe Line with Natural Sounds**
- Whispering Woods
- Soothing Soundscapes
- Forest Symphony
- Tranquil Trails
- Nature's Harmony

**Nature-Inspired, Ocean-Themed, Sustainable Shoe Collection with a Wave-Inspired Design**
- Ocean's Rhythm
- Wave Wanderer
- Tidal Flow
- Azure Serenade
- Calming Currents

**Nature-Inspired, Storm-Themed, Intense Hiking Shoe**
- Tempestuous Terrain
- Thunderbolt Trail
- Lightning Strike
- Thunderous Ascent
- Mountain's Fury

**Nature-Inspired, Forest-Themed Reusable Bag with Pine Scent**
- Woodland Wanderer
- Forest Fresh
- Pinewood Carryall
- Earthy Essence
- Nature's Haven

**Storm-Themed, Intense Workout Bag**
- Tempestuous Surge
- Thunderous Bolt
- Extreme Energy
- Power Surge
- Energized Fury

**Nature-Inspired, Ocean-Themed Shoe Organizer**
- Ocean's Embrace
- Coastal Organizer
- Wave Runner
- Seafoam Serenity
- Azure Harmony

**Nature-Inspired, Forest-Themed Shoe Rack**
- Woodland Haven
- Natural Serenity
- Earthy Elegance
- Forest Fresh
- Tranquil Trails

**Storm-Themed, Intense Shoe Collection**
- Tempestuous Fury
- Thunderous Bolt
- Lightning Strike
- Power Surge
- Extreme Style

**Nature-Inspired, Ocean-Themed Shoe Line with Sustainable Leather**
- Ocean's Embrace
- Coastal Charm
- Azure Elegance
- Calming Currents
- Tidepool Serenade

**Nature-Inspired, Forest-Themed Shoe Line with Breathable Design**
- Woodland Whispers
- Forest Fresh
- Earthy Essence
- Soothing Nature
- Tranquil Trails

**Nature-Inspired, Ocean-Themed Shoe Collection with Sustainable Sole**
- Seafoam Serenity
- Ocean's Rhythm
- Wave Wanderer
- Tidal Flow
- Sustainable Shore

**Nature-Inspired, Storm-Themed Shoe Line with Lightning Design**
- Thunderbolt
- Lightning Strike
- Tempestuous Bolt
- Thunderous Power
- Extreme Energy

**Nature-Inspired, Calming Forest-Themed Shoe Line**
- Tranquil Trails
- Woodland Whispers
- Earthy Essence
- Forest Fresh
- Nature's Embrace

**Wearable Item Evoking the Ocean's Tranquility**
- Ocean's Embrace
- Tranquil Waves
- Azure Serenity
- Calming Currents
- Tidepool Serenade

**Personal Care Product Harnessing the Storm's Energy**
- Storm's Fury
- Cleansing Tempest
- Invigorating Winds
- Thunderous Refreshment
- Extreme Energy

**Home Decor Inspired by the Forest's Grounding Feel**
- Woodland Haven
- Forest's Embrace
- Earthy Essence
- Tranquil Trails
- Nature's Harmony