Prompt,Title
"Design a title for a Smart Thermostat that adapts to your schedule for optimal comfort and energy savings, appealing to the eco-conscious homeowner","EcoComfort: Smart Thermostat for Your Green Home"
"Create a title for a Smart Doorbell with facial recognition and two-way audio, ensuring security and convenience for the modern family","WelcomeGuard: Smart Doorbell with Facial Recognition"
"Develop a title for a Smart Refrigerator that tracks your groceries and suggests recipes, perfect for the busy, health-conscious individual","FreshFinds: Smart Fridge for Healthy Living"
"Craft a title for a Smart Security Camera system with night vision and motion alerts, designed for homeowners prioritizing safety","NightWatch: Advanced Security Camera for Peace of Mind"
"Invent a title for a Smart Water Heater that learns your schedule and saves energy, ideal for cost-conscious homeowners","AquaSaver: Smart Water Heater for Eco-friendly Homes"
"Generate a title for a Smart Air Purifier that filters allergens and monitors air quality, for health-conscious families","PureAir: Smart Purifier for a Healthier Home"
"Conceive a title for a Smart Robot Vacuum with mapping technology and app control, targeting busy professionals","CleanGenius: Robotic Vacuum for Smarter Cleaning"
"Formulate a title for a Smart Pet Feeder with portion control and remote feeding, ideal for pet owners on the go","PetPal: Automated Feeder for Happy Pets"
"Create a title for a Smart Garden System that automates watering and monitors plant health, for gardening enthusiasts","GreenEase: Smart Gardening for Lush Growth"
"Develop a title for a Smart Fitness Tracker that monitors heart rate and activity, aimed at fitness enthusiasts","FitTrack: Advanced Tracker for Your Fitness Journey"
"Craft a title for a Smart Coffee Maker that schedules brewing and tracks preferences, perfect for coffee lovers","BrewMaster: Smart Coffee Maker for Your Morning Boost"
"Invent a title for a Smart Lock with fingerprint access and remote control, for security-focused homeowners","TouchSecure: Smart Lock with Fingerprint Access"
"Generate a title for a Smart Lighting System that adjusts to your mood and activities, for a personalized home experience","MoodGlow: Smart Lighting for Your Lifestyle"
"Conceive a title for a Smart Baby Monitor with HD video and sleep tracking, for new parents","BabyWatch: Smart Monitor for Peaceful Nights"
"Formulate a title for a Smart Home Hub that integrates all devices and offers voice control, for tech-savvy users","HomeCommand: Central Hub for Your Smart Home"
"Create a title for a Smart Smoke Detector with real-time alerts and air quality monitoring, for safety-conscious families","SmokeSafe: Intelligent Detector for a Secure Home"
"Develop a title for a Smart Window Blinds system that adjusts to light and weather, perfect for energy-saving homes","ShadeSmart: Automated Blinds for Your Comfort"
"Craft a title for a Smart Electric Scooter with GPS tracking and performance monitoring, for urban commuters","ScootNav: Smart Scooter for the Urban Explorer"
"Invent a title for a Smart Watch that tracks fitness, sleep, and notifications, for the always-connected individual","TimeSync: Smart Watch for Your Connected Life"
"Generate a title for a Smart Suitcase with location tracking and weight sensors, ideal for frequent travelers","TravelEase: Smart Suitcase for the Modern Traveler"
